"id","name","profileImages__url","receivedAssets__id","lsp12IssuedAssets__id"
"0x000000000000000000000000000000000000dead","null","","",""
"0x0000000bf90389c94230b5122269f6ff2f3e5b95","null","","",""
"0x0000002a62b213fcbe7c46835536f10bc69dce3c","b00ste9","ipfs://QmNnXV3GGrXWmNoLcYrkpijkspNbSmKbygPrrdLDQRnxKf","0x0000002a62b213fcbe7c46835536f10bc69dce3c#0x1d246750c49ac09fa030ccf4cd5586da62db01c3",""
"","","ipfs://QmQEEmuHHF5z7ZmHxV3Mp6cRLNgbcsSGA6cspSRa3MdhoA","0x0000002a62b213fcbe7c46835536f10bc69dce3c#0x23ab529af53405e15932b1d0452a61a3fa908393",""
"","","ipfs://QmPzKPQCyKjPBhxyiDMaZdjB5jPnngqzJmBRwmoT4qzWda","0x0000002a62b213fcbe7c46835536f10bc69dce3c#0x39456bcd4d450e55f851f97c30df828a4e1f6c66",""
"","","ipfs://QmasNS25GKu7MELXWWzJhopBw8puxvVbEu8TWgg9N7ZCe7","0x0000002a62b213fcbe7c46835536f10bc69dce3c#0x3fd319c1c6d51cf4c9dab55d648b338143623231",""
"","","ipfs://Qmf7CF3ZuPX2Euog44SENSSGQuRivwLnqsQTFWcZx9TnKM","0x0000002a62b213fcbe7c46835536f10bc69dce3c#0x55bbf7336a6703655dc7dc81e161774dbe01d363",""
"","","","0x0000002a62b213fcbe7c46835536f10bc69dce3c#0x80d898c5a3a0b118a0c8c8adcdbb260fc687f1ce",""
"","","","0x0000002a62b213fcbe7c46835536f10bc69dce3c#0x81a904879f657142d9b5c7e875c786717e2125c0",""
"","","","0x0000002a62b213fcbe7c46835536f10bc69dce3c#0x855bb3e40261a73dd4fc691fc024cc7d60794d00",""
"","","","0x0000002a62b213fcbe7c46835536f10bc69dce3c#0xd639f7059bfffba2a3e0d46cb722bc898e45e824",""
"","","","0x0000002a62b213fcbe7c46835536f10bc69dce3c#0xd681919b63a42a57a9a129a78d1feb81509aeef5",""
"0x0000d4659e5b1da00c48b9d15cf2aaba5a0f7ece","luksocat","ipfs://QmP5im1WYjzrUras6nW49QX3xoR4BVgQ9PjLSAYpSihCAD","0x0000d4659e5b1da00c48b9d15cf2aaba5a0f7ece#0x01e4386127a976bf65961a6a117c1a5b12703fd3",""
"","","ipfs://QmaqLwyGrEd1gjqpUv8cmbhToyt7JUHsenDexZjmxxv7wy","0x0000d4659e5b1da00c48b9d15cf2aaba5a0f7ece#0x13fe7655c1bef7864dfc206838a20d00e5ce60a1",""
"","","","0x0000d4659e5b1da00c48b9d15cf2aaba5a0f7ece#0x171793a992c600313536651a5274c416afa04641",""
"","","","0x0000d4659e5b1da00c48b9d15cf2aaba5a0f7ece#0x33517e5fedec388da59125fbabea6e2f6395c510",""
"","","","0x0000d4659e5b1da00c48b9d15cf2aaba5a0f7ece#0x39456bcd4d450e55f851f97c30df828a4e1f6c66",""
"","","","0x0000d4659e5b1da00c48b9d15cf2aaba5a0f7ece#0x3b56718c2acc074b6640b2fa90dbb755f20033ea",""
"","","","0x0000d4659e5b1da00c48b9d15cf2aaba5a0f7ece#0x44f89dd453e7636c3fb0d64e5b19af6648338cfa",""
"","","","0x0000d4659e5b1da00c48b9d15cf2aaba5a0f7ece#0x592dcacb0a0d4b85eea0975992e42bc543207f74",""
"","","","0x0000d4659e5b1da00c48b9d15cf2aaba5a0f7ece#0x5b8b0e44d4719f8a328470dccd3746bfc73d6b14",""
"","","","0x0000d4659e5b1da00c48b9d15cf2aaba5a0f7ece#0x5c7e46664436a8e4892537baf0df6c100f445516",""
"","","","0x0000d4659e5b1da00c48b9d15cf2aaba5a0f7ece#0x650e14f636295af421d9bb788636356aa7f5924c",""
"","","","0x0000d4659e5b1da00c48b9d15cf2aaba5a0f7ece#0x669c42149f9a54a0ee63b4527f8d066247f5dbd0",""
"","","","0x0000d4659e5b1da00c48b9d15cf2aaba5a0f7ece#0x66b738baea30243bfe4c168a11e79dd1f930e59c",""
"","","","0x0000d4659e5b1da00c48b9d15cf2aaba5a0f7ece#0x80d898c5a3a0b118a0c8c8adcdbb260fc687f1ce",""
"","","","0x0000d4659e5b1da00c48b9d15cf2aaba5a0f7ece#0x855bb3e40261a73dd4fc691fc024cc7d60794d00",""
"","","","0x0000d4659e5b1da00c48b9d15cf2aaba5a0f7ece#0x86e817172b5c07f7036bf8aa46e2db9063743a83",""
"","","","0x0000d4659e5b1da00c48b9d15cf2aaba5a0f7ece#0x9ac4377f1f8cd86be76b0252dfa9e2e947e6db98",""
"","","","0x0000d4659e5b1da00c48b9d15cf2aaba5a0f7ece#0xa65312a04dce1dcb1f33e7918f33b05bb4d24e12",""
"0x0001d53593ba909b3287b63d515b61d9bee776c9","","","",""
"0x000491fb71126921aa041c846fd78df38d50f7b2","kate","ipfs://QmQK5oRApcNNrjFxnYqcFfGDYzsQadvW6JbZJvKg6M9Dct","0x000491fb71126921aa041c846fd78df38d50f7b2#0x12f4b143c2039ddd56833deb7b88d97c0be085f5",""
"","","ipfs://QmZ7hWycJA5jvSa1qvNwKGd7XydKkzVS6LC3inwLQibwvG","",""
"","","ipfs://QmQb1ug64G8ks5tdApXqUupKX5WPU8m9d6CpQmxEY9EYRv","",""
"0x00067602af865973ace9f5e18a3611d604d9c58b","dirge","ipfs://QmPer1Zft6APPEFaVcqGgdVdvuZHTXWYUqn8jJgKmGcrov","0x00067602af865973ace9f5e18a3611d604d9c58b#0x2aaa5c55b006c2ab61b951147a66457f2160d4e8",""
"","","ipfs://QmfRhQHEj8hC3Mnxv8ubwTA3DY7jN6pKhhsMQVvLvUqfWx","0x00067602af865973ace9f5e18a3611d604d9c58b#0x66b738baea30243bfe4c168a11e79dd1f930e59c",""
"","","ipfs://QmXof2x8kr1Jr6qNaeqWTxjbvfpxkQdJmuqbT43aZ2o6es","0x00067602af865973ace9f5e18a3611d604d9c58b#0x7f39afd21ca56bbb505c9e0ca6cca8a39663af0a",""
"","","ipfs://QmSvmxRK7c3DR5pMueqvPxBHJxSQiXuJn6WorJP8cvTpgq","0x00067602af865973ace9f5e18a3611d604d9c58b#0xb3d9638c35cc841b677dbffb8bf66c1b99b07c7f",""
"","","","0x00067602af865973ace9f5e18a3611d604d9c58b#0xf47db931c92ea0f988562365aacd36d92b8e0b3c",""
"0x00086fcbce8666a9c66dbe8b913fff19547eeb66","alban","","",""
"0x0008aa19fb8f73e5abd1b8314c63df02fe3fe786","dr0x","","",""
"0x0008bed3cff0a8d1dbdae36b2a54babc3e835ba6","bbb","","",""
"0x000a4cad6181698a7e504cd41fa171889d7cf8f8","trader","","",""
"0x000b521c363e05a1ddcb030f8b6cb1c5d278a102","001","","0x000b521c363e05a1ddcb030f8b6cb1c5d278a102#0x39456bcd4d450e55f851f97c30df828a4e1f6c66",""
"0x000b66d64de039ea621834f4ea7197cc528fcc6b","eth9k","ipfs://QmRTYdZeU6fm7x9brfwHJnmL6cvjLgZvYUtbedFX29tNfs","",""
"","","ipfs://QmZ8tn8QKMwJzruFazXDJ6qV9P4EsUjQ4kJDbMjnT49g5m","",""
"","","ipfs://QmczNTe4rUMNymFRVd4moSzu2PBzmYR6NVVx2Kn16qZfre","",""
"0x000c3272b41f71a38624190a420e57618d4776fe","soon","ipfs://QmTVKVmn7Ap5Qi2Upzs2XY3kZ6UYro1Cy8S2oTHGojmCqw","0x000c3272b41f71a38624190a420e57618d4776fe#0x80d898c5a3a0b118a0c8c8adcdbb260fc687f1ce","0xe0fabf25cefa0c764f0836c15b00b08fe41ae246"
"","","ipfs://QmeTms1FBUx1R6q5Apt5HTeVQPPeJWMMqjrvM8kPqMu4Nh","0x000c3272b41f71a38624190a420e57618d4776fe#0xe0fabf25cefa0c764f0836c15b00b08fe41ae246",""
"","","ipfs://QmPycadSKmbJTLhYuJF8TTbUJFm7K9iAAuwBkhvtiC1LSZ","",""
"0x000c72897b36156546f2c32134ba66f689379876","doc","ipfs://QmeA3VFjfWrY7mKyg88f3NHK4MsUaYctMkC2gHnuFCBLgZ","",""
"","","ipfs://QmY9h4ys3cFWqj6ozmSPEH9YcyL2hVqHSGYuuQhyWHfBJk","",""
"0x000f85721cbac4f00694eac29c3f6586e0cc7ce6","null","","",""
"0x0010bd0c701a0f9a5db772a3a39d27e337206d5b","baymax","ipfs://QmUDKDwB7mwpAMgSMQphp6HaobmZxBKwQUgVcP1uhdR9dr","0x0010bd0c701a0f9a5db772a3a39d27e337206d5b#0x3b56718c2acc074b6640b2fa90dbb755f20033ea",""
"","","ipfs://QmRFPWn385cfjzNC2nS3pSqnzihLMhQ7rDB8YuSukjcwMe","0x0010bd0c701a0f9a5db772a3a39d27e337206d5b#0x650e14f636295af421d9bb788636356aa7f5924c",""
"","","ipfs://QmUWNQxQaJvhxJMfyzZztQRkKmbub64repyBNCvCBvvM8G","0x0010bd0c701a0f9a5db772a3a39d27e337206d5b#0x80d898c5a3a0b118a0c8c8adcdbb260fc687f1ce",""
"","","ipfs://QmPocJHx6aFmUoJcH9fRKw4oVHNTNK18CQP2yxnk9VnRFb","0x0010bd0c701a0f9a5db772a3a39d27e337206d5b#0xfd1990df9396b667214d79856fbcc143f3264cb8",""
"0x0010f4a93509a6b4845c0a694e4a4ec2498be030","blue","","0x0010f4a93509a6b4845c0a694e4a4ec2498be030#0x39456bcd4d450e55f851f97c30df828a4e1f6c66",""
"","","","0x0010f4a93509a6b4845c0a694e4a4ec2498be030#0x80d898c5a3a0b118a0c8c8adcdbb260fc687f1ce",""
"","","","0x0010f4a93509a6b4845c0a694e4a4ec2498be030#0xd681919b63a42a57a9a129a78d1feb81509aeef5",""
"0x0012d0e6b9686c62892f672f70614b7b933cff25","risk","","0x0012d0e6b9686c62892f672f70614b7b933cff25#0x39456bcd4d450e55f851f97c30df828a4e1f6c66",""
"","","","0x0012d0e6b9686c62892f672f70614b7b933cff25#0x5b8b0e44d4719f8a328470dccd3746bfc73d6b14",""
"","","","0x0012d0e6b9686c62892f672f70614b7b933cff25#0x80d898c5a3a0b118a0c8c8adcdbb260fc687f1ce",""
"0x001384d63ca8e818dd3b0194cc7a9de1dead615d","0xdee","ipfs://QmTXL3Uft6S1JLE7b49xwkqBnnC9hNGejXGJPK5uXkt8BN","0x001384d63ca8e818dd3b0194cc7a9de1dead615d#0x3b56718c2acc074b6640b2fa90dbb755f20033ea",""
"","","ipfs://QmP9JEaFbLGiLcQtzbHUAQKBFVgAQ2tKcSkaA6JvnS4naA","0x001384d63ca8e818dd3b0194cc7a9de1dead615d#0x418c4dcdf761575b60526702bb4752d3097ca783",""
"","","ipfs://QmNa72bZ8Dg5XCkwsjufNGFwJi43KDSvvLHZY9wM4peb7z","0x001384d63ca8e818dd3b0194cc7a9de1dead615d#0x4200690033c5ea89c936d247876f89f40a588b4d",""
"","","ipfs://QmVGU6Z2ZsfDQStvn2gw7aamDbdczkJeD275wr8jWYaaQA","0x001384d63ca8e818dd3b0194cc7a9de1dead615d#0x5b8b0e44d4719f8a328470dccd3746bfc73d6b14",""
"","","","0x001384d63ca8e818dd3b0194cc7a9de1dead615d#0x80d898c5a3a0b118a0c8c8adcdbb260fc687f1ce",""
"","","","0x001384d63ca8e818dd3b0194cc7a9de1dead615d#0x86e817172b5c07f7036bf8aa46e2db9063743a83",""
"","","","0x001384d63ca8e818dd3b0194cc7a9de1dead615d#0xe0fabf25cefa0c764f0836c15b00b08fe41ae246",""
"0x00188f1eeb064ce85bbea3e80fb7c44851867001","Nelox","https://hiozjdbnltsamlbfrfjj.supabase.co/storage/v1/object/public/common/profile-avatars/avatar-20.jpg","",""
"0x001c94f55f2879ad031f9ee062d52f4049b9f3ff","louis-gazelle","ipfs://QmQsbfjuSTzbkEyjoHHAe8HqWpzECtuA2cA3taqLNg5WCt","0x001c94f55f2879ad031f9ee062d52f4049b9f3ff#0x01e4386127a976bf65961a6a117c1a5b12703fd3",""
"","","ipfs://QmQXEah6rKWvfRaHLcpx9eHSTW887YUop8wjWp1duj6wh7","0x001c94f55f2879ad031f9ee062d52f4049b9f3ff#0x39456bcd4d450e55f851f97c30df828a4e1f6c66",""
"","","ipfs://QmUgaNQxsvyicUfX4zGkSL7fsKXDfP37m73MyQHVY6nBSd","",""
"","","ipfs://QmWr6DBjv8L7HcuG7WdDu87MGPG7Ex37mBgBGkZXokPyS6","",""
"","","ipfs://QmWC6QwmFi5NzdfSUvxQRwAYdfV4eyxjx9M6DVsMUn8kbx","",""
"0x001ce1dfceb1ee5a130454a03801a9244383a0f0","tipperchip","","",""
"0x0022657d0cb976b2c1c986f3d38ccbc26edcce92","zed","","",""
"0x0027a9a967e0c2e2697b0483fd54a430a9988328","kemal","","0x0027a9a967e0c2e2697b0483fd54a430a9988328#0x39456bcd4d450e55f851f97c30df828a4e1f6c66",""
"0x002bde2f88d93298a4dde8ec1a052ffcd1525c93","lotar","","",""
"0x002c119d0396eb1d31a7e7f1156eb0a378f393c9","tokyo127","https://hiozjdbnltsamlbfrfjj.supabase.co/storage/v1/object/public/common/profile-avatars/avatar-21.jpg","",""
"0x00311eea40ef2687dc1049e5b6261481126fb9f3","Universal Page","ipfs://bafkreibp2agat3cclnenhkmsdi5hszjymzff3hag5xw2qerh7j7k2yroau","0x00311eea40ef2687dc1049e5b6261481126fb9f3#0x39456bcd4d450e55f851f97c30df828a4e1f6c66","0x39456bcd4d450e55f851f97c30df828a4e1f6c66"
"","","","0x00311eea40ef2687dc1049e5b6261481126fb9f3#0x5599d0ae8576250db2b9a9975fd3db1f6399b4fd","0x5599d0ae8576250db2b9a9975fd3db1f6399b4fd"
"","","","0x00311eea40ef2687dc1049e5b6261481126fb9f3#0x878b22245ee33456492e294fd265767c9a1b65e9","0x8da488c29fb873c9561ccf5ff44dda6c1deddc37"
"","","","0x00311eea40ef2687dc1049e5b6261481126fb9f3#0x8da488c29fb873c9561ccf5ff44dda6c1deddc37","0xc2115f60d74a0a70cca195e6f553a814a51f8f3d"
"0x0031c1f4e0747804e2224829d9ec8dba9e4ed462","Rayhan","","",""
"0x0031e109eb3a2592cf27ddf8bad62bf34a5049cc","ciccio","","",""
"0x0034728610a94a3f84cde37d5c4648f63ed63865","Imitatolleur","https://hiozjdbnltsamlbfrfjj.supabase.co/storage/v1/object/public/common/profile-avatars/avatar-4.jpg","",""
"0x00355bc4d76746fcb7d36ffdc4dae806038f4a0e","daydreamer","ipfs://QmWN4961fRoCK5mDbRYw8WTvNrHppRDW73vPJmRWCZPAAt","0x00355bc4d76746fcb7d36ffdc4dae806038f4a0e#0x5b8b0e44d4719f8a328470dccd3746bfc73d6b14",""
"","","ipfs://QmZngi37L4bnwhn8cpmLiSKC7DUeHWTM5touUZ5N18hcYE","0x00355bc4d76746fcb7d36ffdc4dae806038f4a0e#0x80d898c5a3a0b118a0c8c8adcdbb260fc687f1ce",""
"","","ipfs://QmXf2wNUydjvnXQtb86CprjxCSTVnGLdvVdEB9Mnh9A3kD","0x00355bc4d76746fcb7d36ffdc4dae806038f4a0e#0x86e817172b5c07f7036bf8aa46e2db9063743a83",""
"","","ipfs://QmY4gjQWcjHVCwhV572HFMnQ19Fi2ApTAXaJCiRXmzTYSz","0x00355bc4d76746fcb7d36ffdc4dae806038f4a0e#0xd681919b63a42a57a9a129a78d1feb81509aeef5",""
"0x003628b9698be0e209b15fffcb3060bbc43a5307","babatunde","ipfs://QmYywz1mEor687kMmXmHGGWWwqkBi2uPCVT6ypS4LWqtY8","0x003628b9698be0e209b15fffcb3060bbc43a5307#0x323b3f7aff4e60a13593401521b96197f3c59369",""
"","","ipfs://QmRkhox3dBNyEdWKpHZ82KD6ytBmSH9Fv7GMQpDoJ43Ay5","0x003628b9698be0e209b15fffcb3060bbc43a5307#0x74654920356257981f6b63a65ad72d4d9bc21929",""
"","","ipfs://QmcpJGXjTtWa8uAnusea4FtR9g5qp7FYTL4RwC1eMrBr4e","0x003628b9698be0e209b15fffcb3060bbc43a5307#0x754a5d007d5f1188ef0db892ee115a7c01b38fa3",""
"","","ipfs://QmZ6hRPCjBkgFzMwsHfSE3eWJbNuN94g5GzN4N11porp3D","",""
"0x003697bbd920c6a715d06cc81696cf9f270204e1","mrhose35","","",""
"0x0036cb44d3790769cac626b69a6de35928313b35","","","",""
"0x003b5676679e30b0d18f8418541ae138470344c5","null","","",""
"0x003ebd479934dfd9475ad55216b8c2a98d1de1f9","raf","","0x003ebd479934dfd9475ad55216b8c2a98d1de1f9#0x519f5762b2a717b3d6cb88793c71dc83d9dc444b",""
"","","","0x003ebd479934dfd9475ad55216b8c2a98d1de1f9#0xc5f048c1ec6246ed373da9ceeffac69c0d6ada42",""
"0x0043c2daa76371fe1c55fa24b47eb8b0ece05fcb","axywelet","ipfs://bafkreigi4i2oy42fkom6kyim64rrcmfoelx75dwpmwzeofzenucvxepdte","",""
"0x004516e09ace553c66f825b222c36559646f93ec","art","","",""
"0x004b6a3fb6562131533add6de0da078527304194","garry","ipfs://QmdK6oM4efXqqc96CmkpVqCxD9qWLiJztJuCkt9TnEhVDe","",""
"","","ipfs://QmSthEQvdskP4zLyNtsmfwDD2sciFSfxfRkyK65rsz6eH1","",""
"0x004fd3271afcbf7af85b22078f4c04d991ff5397","","","",""
"0x0050ab2f9f98e9b73b574a3435ac360333703bb3","divallain","ipfs://QmPS8wycx3AuJYB8zJJkXv2kHx7LytWTFw8pbqdLTdFLHT","0x0050ab2f9f98e9b73b574a3435ac360333703bb3#0x1d5166e8247e70a2cf01881924a1ac6fc1b91128",""
"","","","0x0050ab2f9f98e9b73b574a3435ac360333703bb3#0x39456bcd4d450e55f851f97c30df828a4e1f6c66",""
"","","","0x0050ab2f9f98e9b73b574a3435ac360333703bb3#0x3983151e0442906000dab83c8b1cf3f2d2535f82",""
"","","","0x0050ab2f9f98e9b73b574a3435ac360333703bb3#0x5b8b0e44d4719f8a328470dccd3746bfc73d6b14",""
"","","","0x0050ab2f9f98e9b73b574a3435ac360333703bb3#0x80d898c5a3a0b118a0c8c8adcdbb260fc687f1ce",""
"","","","0x0050ab2f9f98e9b73b574a3435ac360333703bb3#0x8bf5bf6c2f11643e75dc4199af2c7d39b1aefcd3",""
"","","","0x0050ab2f9f98e9b73b574a3435ac360333703bb3#0xbc96cf101ab8fbd710b6ad35754492c543fa4166",""
"0x005294999421a71a56e624a92881f2b73406a5f5","","","",""
"0x00533ed6421c4fdf4c75af5d1c0a4d7780395da2","ataylsx","","",""
"0x0058b2a14a4c56ebd8c8ef9124979f769bce645b","xxx","ipfs://Qmf53kKsMnXtXgUGhRGRkfBaj1KFxxzbacifLqh4WfDicW","",""
"0x0058f89c81331c5cbd830a0f9ccc7e7f44aeb2e3","ozzyelchavo","","",""
"0x005a54b53f15a9548880d077271468ee40849b62","lzrbrd","ipfs://QmYkTmkDqSUNBHJN5AbyJXVEzQQyadoHyPzzLe7AMRGPx2","",""
"","","ipfs://QmNg1Y4zHJoPL2F4wYc5jU2uN3wXEPsXttEEZCp1npaD9Y","",""
"0x005b9b382d1612b287457689420855ecfaa990ff","alia","ipfs://QmZeocyrSgaEVi6qXeoTDa5mGBda3Q4Wq1qd4QTJJkSLS1","0x005b9b382d1612b287457689420855ecfaa990ff#0x3b56718c2acc074b6640b2fa90dbb755f20033ea",""
"","","ipfs://QmY3c1VtWmCDGBxKLUZe4UUJJyZmczQZxhpi29d6pBCw1J","0x005b9b382d1612b287457689420855ecfaa990ff#0x418c4dcdf761575b60526702bb4752d3097ca783",""
"","","ipfs://QmeUToXmmDMktzhxaDY9CenYUUoaiNXb3TggErndcEZza4","0x005b9b382d1612b287457689420855ecfaa990ff#0x4200690033c5ea89c936d247876f89f40a588b4d",""
"","","ipfs://QmckweSiM85LquEqKzv4JhD8PX5bV57AGKRXeoLewJw54k","0x005b9b382d1612b287457689420855ecfaa990ff#0x5b8b0e44d4719f8a328470dccd3746bfc73d6b14",""
"","","","0x005b9b382d1612b287457689420855ecfaa990ff#0x80d898c5a3a0b118a0c8c8adcdbb260fc687f1ce",""
"","","","0x005b9b382d1612b287457689420855ecfaa990ff#0x86e817172b5c07f7036bf8aa46e2db9063743a83",""
"0x0060d7b80ec64fa453c4de46848b5156a1278ff7","gauravpant","","",""
"0x0062c4f2d839a225048b707ea48ea02d521baf0a","tomday","","",""
"0x00649ea5825320dfb9e9f0f7a82b4d14ed6e97c9","sky","","",""
"0x00677fa03284cbfdee5c5741866b4c6258901b69","450-495nm","ipfs://QmfLRKXMAii46r2t6bTccvvX2QX9BoPKgmmzcNoggrNb32","",""
"","","ipfs://QmVLugSprgpSphVY31WRkSsbMDhReanbvrkCFbJhV14uS8","",""
"0x0067913da31201d52336caf4bbec1fc2453e7446","ryan","ipfs://QmarMPh88ChpL7xgdNZwhgWHBpetVUj4U6tN4RK2taFDM7","",""
"","","ipfs://Qmb7V78UXg5jrwDRbgZhV4tBREuCUohZ22HjtLG7e9AouJ","",""
"0x006bb8021508470a88dbec5f37ec4fb197ad47b3","derblocktalk","ipfs://QmSzQVAxp9tr7dabUN7u8b2GiC4Nxpn4obfRkW3g8nGMKx","0x006bb8021508470a88dbec5f37ec4fb197ad47b3#0x39456bcd4d450e55f851f97c30df828a4e1f6c66","0x878b22245ee33456492e294fd265767c9a1b65e9"
"","","","0x006bb8021508470a88dbec5f37ec4fb197ad47b3#0x878b22245ee33456492e294fd265767c9a1b65e9",""
"0x006dde2720419c2ab4dbfeb4024613ad397eae5c","null","","",""
"0x006f6ebd01978375a4510f9b993d01edfd81f84a","8design","ipfs://QmWp7F69nt43n9hETw9Kr69za4nr5U74yUyZjGAoNA5pqg","0x006f6ebd01978375a4510f9b993d01edfd81f84a#0x39456bcd4d450e55f851f97c30df828a4e1f6c66",""
"","","ipfs://QmWLoKU8LcnotTZ19HFaJN7se3aqnhFygDASt2tCCSo9in","0x006f6ebd01978375a4510f9b993d01edfd81f84a#0x3983151e0442906000dab83c8b1cf3f2d2535f82",""
"","","ipfs://QmW74sPWf6cmFMhLixfrf4Ct59p611wdkjBn5MoXp8DJWy","0x006f6ebd01978375a4510f9b993d01edfd81f84a#0x80d898c5a3a0b118a0c8c8adcdbb260fc687f1ce",""
"","","ipfs://QmTLhZXeqU7NRiRRmNcCPr4wUD3NDoxKyh76eL118CbJvA","0x006f6ebd01978375a4510f9b993d01edfd81f84a#0xd639f7059bfffba2a3e0d46cb722bc898e45e824",""
"","","ipfs://QmYu6wuaSnQNiartv2oYRYRo46JdYiWxuLVZFrHrPAxehY","",""
"0x006f954d3d53a1b2593e24fb4846bf5fbdcc5a0b","Berdy.L","ipfs://bafkreihnlgvmvcyzp3eerpdqqjvsrha443crgtst7m6lvbzy6cect2de6e","0x006f954d3d53a1b2593e24fb4846bf5fbdcc5a0b#0x3636dca80955a2cc953e0647624a4b6117e99ee2",""
"","","","0x006f954d3d53a1b2593e24fb4846bf5fbdcc5a0b#0x39456bcd4d450e55f851f97c30df828a4e1f6c66",""
"","","","0x006f954d3d53a1b2593e24fb4846bf5fbdcc5a0b#0x5021e9ed50d8c71e3d74c0de7964342aaa1a0f62",""
"","","","0x006f954d3d53a1b2593e24fb4846bf5fbdcc5a0b#0x669c42149f9a54a0ee63b4527f8d066247f5dbd0",""
"","","","0x006f954d3d53a1b2593e24fb4846bf5fbdcc5a0b#0x7c6118ba719a62d40ce6c9580f96306a558cda6f",""
"","","","0x006f954d3d53a1b2593e24fb4846bf5fbdcc5a0b#0x80d898c5a3a0b118a0c8c8adcdbb260fc687f1ce",""
"","","","0x006f954d3d53a1b2593e24fb4846bf5fbdcc5a0b#0x92f9210f1b5c542ee868f954f96a6790632b56a7",""
"","","","0x006f954d3d53a1b2593e24fb4846bf5fbdcc5a0b#0xc2115f60d74a0a70cca195e6f553a814a51f8f3d",""
"","","","0x006f954d3d53a1b2593e24fb4846bf5fbdcc5a0b#0xc55b687e40c7f9a6875d3625e2c55208cbeaa8f4",""
"","","","0x006f954d3d53a1b2593e24fb4846bf5fbdcc5a0b#0xd639f7059bfffba2a3e0d46cb722bc898e45e824",""
"","","","0x006f954d3d53a1b2593e24fb4846bf5fbdcc5a0b#0xe776b6cdeb394f03ec86578f8544b8e34a69bb2c",""
"0x007031fc468986b635033a96ad6731fd41fa5cea","call-miracle","","0x007031fc468986b635033a96ad6731fd41fa5cea#0xc2115f60d74a0a70cca195e6f553a814a51f8f3d",""
"0x00710126adcc4e514251941099e03860dc9c51c9","0xApollo","ipfs://QmZ3yN5gS31zZnaEfbJcqut3kmwMTocztmRMVRFunFeeik","0x00710126adcc4e514251941099e03860dc9c51c9#0x80d898c5a3a0b118a0c8c8adcdbb260fc687f1ce",""
"","","","0x00710126adcc4e514251941099e03860dc9c51c9#0x86e817172b5c07f7036bf8aa46e2db9063743a83",""
"","","","0x00710126adcc4e514251941099e03860dc9c51c9#0xd681919b63a42a57a9a129a78d1feb81509aeef5",""
"0x0071bb30cce9e123b60ccef9d065160e911e22f3","shiryu","ipfs://QmVcTDzEtsFFtktJ1BwVaHkiSBn78noBWaD3LVC1WWshrH","",""
"","","ipfs://QmVGYTwd4t3fUQVSyFc8pTEfhtXFJoT3RxMCeZ6aWUygVL","",""
"0x0074ad0d762714fd6327d926c805d3ddb911e4ce","metakaiki","ipfs://QmdSK8UguYRGNtzCWn9gBgwTnxqFGCsQmAnvgc64n32SJQ","",""
"","","ipfs://QmVefdzNcj8mxHNpPc23k3qxFN1PTcc2Xs3n6tGzvQEjVw","",""
"","","ipfs://QmSYtdCULCJzkev9dGn7Yf9ZWJYk8JcQygPieFqYPPT5Rf","",""
"","","ipfs://QmVAvxPjQU9awY7QHLa6zG9csu5rNT7FESKcsioC8wo3hh","",""
"0x0075a8309d83fe7f1a575853460a550518480fc3","doanft","","",""
"0x007600c5f6ab63697d27ff97c1c53567f898f0ef","von","ipfs://QmX7wX4NexuaGF92aEctvFQkQWLrmNKkY7fdKKqsEsV54R","0x007600c5f6ab63697d27ff97c1c53567f898f0ef#0x39456bcd4d450e55f851f97c30df828a4e1f6c66",""
"0x0077fd7cd43108bb6491b83907c3c4db6a5eca45","healinglens","ipfs://QmPXX6mvBbYPitbXCGwYBpCgpM15NQyTLkDcxdKuCAr8CF","",""
"","","ipfs://QmT4MGazVN7Gim8qDiGbadU5aSoTxvFCx3FgDAnRmRw8z6","",""
"","","ipfs://QmUop9znMgmnpp6rP3Tk9UvHduCa24X9geBzKtjXSJbT8A","",""
"","","ipfs://QmWbvDwLt2RHib2FgfkV9LNfqfd8XuwTgjJSCQUGVj7GEV","",""
"0x00785ab0fd7fd958e149f81fb334027b4cd7c96a","max","ipfs://QmUMg3MW9BqrRf6DEtA5sx2HCP5FWJNe9ShBzukGtvhb9D","0x00785ab0fd7fd958e149f81fb334027b4cd7c96a#0x39456bcd4d450e55f851f97c30df828a4e1f6c66",""
"","","ipfs://Qmbr7ShGGYMgCJqpugnHSxzbUknEkSLCrDobo8B2V2Viar","0x00785ab0fd7fd958e149f81fb334027b4cd7c96a#0xd681919b63a42a57a9a129a78d1feb81509aeef5",""
"","","ipfs://QmXGKZBGmnBV6anQ4KkBD8rsgdk5X22E6vDhtkPFm5EEQm","0x00785ab0fd7fd958e149f81fb334027b4cd7c96a#0xe776b6cdeb394f03ec86578f8544b8e34a69bb2c",""
"","","ipfs://QmZTkp7J5H6L24CSd6u75gZ6DeZnxqVzLXfoYFrdzc8k6U","",""
"","","ipfs://QmdF9zUwbr9B4VDrgtSHV8q6GPXPaSzEnwcGDASd28dQwh","",""
"0x007ae307b2ccc0e25ac4a8184ad1fd4e2ae0e27f","amor","https://hiozjdbnltsamlbfrfjj.supabase.co/storage/v1/object/public/common/profile-avatars/avatar-4.jpg","0x007ae307b2ccc0e25ac4a8184ad1fd4e2ae0e27f#0x39456bcd4d450e55f851f97c30df828a4e1f6c66",""
"0x007b5290c8bd1e49dbdd17307e9b1321e84aeaf9","Taskin","https://hiozjdbnltsamlbfrfjj.supabase.co/storage/v1/object/public/common/profile-avatars/avatar-2.jpg","",""
"0x007e1cf027aaa726cf229f874a2d8905f9850aa9","hodlceo","https://hiozjdbnltsamlbfrfjj.supabase.co/storage/v1/object/public/common/profile-avatars/avatar-11.jpg","0x007e1cf027aaa726cf229f874a2d8905f9850aa9#0x12f4b143c2039ddd56833deb7b88d97c0be085f5",""
"","","","0x007e1cf027aaa726cf229f874a2d8905f9850aa9#0x33517e5fedec388da59125fbabea6e2f6395c510",""
"","","","0x007e1cf027aaa726cf229f874a2d8905f9850aa9#0x39456bcd4d450e55f851f97c30df828a4e1f6c66",""
"0x007f490b26856a3f5154bba2acaa240bb5599646","getnlute","ipfs://QmUTztRJFspnUKGUohDTRVSVeTJ2xKfkS87jhYEFjzTMnz","",""
"","","ipfs://QmT1ByRDPMLXcyCFo5AzTgm7Qs2uyDTzNicay24cezCbTH","",""
"","","ipfs://QmdBV2LQYKT8ExCQPj5Y5vBjK7HYzy7tzdpqe8piQiiuJA","",""
"","","ipfs://QmV6wBYeopDRPtKX8iEFGvadSULDT3urA7Xtud9Tdxo6MU","",""
"","","ipfs://Qmdnvxe2Z6WiM9qiu7rxnvoXqSaamt5dz57wHrzSBrYJ3D","",""
"0x00838a4a4285f366a671cd1bb6f0007cf2f506f9","nrvy","ipfs://bafybeicjqnzohz5zbwbt4n5aggaj4vwvcgpu5bvzzn2xoj7gk3hdrasyhe","0x00838a4a4285f366a671cd1bb6f0007cf2f506f9#0x1b9d735ef2ac056f1205755326ed439e363ce095",""
"","","","0x00838a4a4285f366a671cd1bb6f0007cf2f506f9#0x323b3f7aff4e60a13593401521b96197f3c59369",""
"","","","0x00838a4a4285f366a671cd1bb6f0007cf2f506f9#0x33517e5fedec388da59125fbabea6e2f6395c510",""
"","","","0x00838a4a4285f366a671cd1bb6f0007cf2f506f9#0x39456bcd4d450e55f851f97c30df828a4e1f6c66",""
"","","","0x00838a4a4285f366a671cd1bb6f0007cf2f506f9#0x3983151e0442906000dab83c8b1cf3f2d2535f82",""
"","","","0x00838a4a4285f366a671cd1bb6f0007cf2f506f9#0x418c4dcdf761575b60526702bb4752d3097ca783",""
"","","","0x00838a4a4285f366a671cd1bb6f0007cf2f506f9#0x4200690033c5ea89c936d247876f89f40a588b4d",""
"","","","0x00838a4a4285f366a671cd1bb6f0007cf2f506f9#0x53f2e2d9effcb005a919ce9ba4ddcec1e981872c",""
"","","","0x00838a4a4285f366a671cd1bb6f0007cf2f506f9#0x5534ba6333db0bf2fbdadeb0b28eb1bcf92dfeac",""
"","","","0x00838a4a4285f366a671cd1bb6f0007cf2f506f9#0x5b8b0e44d4719f8a328470dccd3746bfc73d6b14",""
"","","","0x00838a4a4285f366a671cd1bb6f0007cf2f506f9#0x719b36427c9868162df1b4c9e6ddc28f5c36d72d",""
"","","","0x00838a4a4285f366a671cd1bb6f0007cf2f506f9#0x74654920356257981f6b63a65ad72d4d9bc21929",""
"","","","0x00838a4a4285f366a671cd1bb6f0007cf2f506f9#0x754a5d007d5f1188ef0db892ee115a7c01b38fa3",""
"","","","0x00838a4a4285f366a671cd1bb6f0007cf2f506f9#0x80d898c5a3a0b118a0c8c8adcdbb260fc687f1ce",""
"","","","0x00838a4a4285f366a671cd1bb6f0007cf2f506f9#0x86e817172b5c07f7036bf8aa46e2db9063743a83",""
"","","","0x00838a4a4285f366a671cd1bb6f0007cf2f506f9#0xc2115f60d74a0a70cca195e6f553a814a51f8f3d",""
"","","","0x00838a4a4285f366a671cd1bb6f0007cf2f506f9#0xd639f7059bfffba2a3e0d46cb722bc898e45e824",""
"","","","0x00838a4a4285f366a671cd1bb6f0007cf2f506f9#0xd681919b63a42a57a9a129a78d1feb81509aeef5",""
"","","","0x00838a4a4285f366a671cd1bb6f0007cf2f506f9#0xe0fabf25cefa0c764f0836c15b00b08fe41ae246",""
"","","","0x00838a4a4285f366a671cd1bb6f0007cf2f506f9#0xe7202bd5e87c0a135eb398280609b37997621c57",""
"","","","0x00838a4a4285f366a671cd1bb6f0007cf2f506f9#0xf6acd4cb17d50e1cdbb18822ad59187f2349f2d9",""
"0x008482b133d05b440fa08526458258fbf313929d","dezzielimkopi","","",""
"0x0087007b8762909c2d0f8be09f886e44940ac678","Luksoman","ipfs://bafkreiewykwpiz2e3r7dit7dqpk32qk2ozs2g5qfgpvobwjopxg6ezncci","0x0087007b8762909c2d0f8be09f886e44940ac678#0x13fe7655c1bef7864dfc206838a20d00e5ce60a1",""
"","","","0x0087007b8762909c2d0f8be09f886e44940ac678#0x156d7d4a7fdf5f5d4d7d3988b68057eda883b35f",""
"","","","0x0087007b8762909c2d0f8be09f886e44940ac678#0x26bbd1a8606e36a4b11cebd199ca9e4bcf765d97",""
"","","","0x0087007b8762909c2d0f8be09f886e44940ac678#0x2f5f0c93498746ee4c264856e1e441693f2a8b82",""
"","","","0x0087007b8762909c2d0f8be09f886e44940ac678#0x39456bcd4d450e55f851f97c30df828a4e1f6c66",""
"","","","0x0087007b8762909c2d0f8be09f886e44940ac678#0x3983151e0442906000dab83c8b1cf3f2d2535f82",""
"","","","0x0087007b8762909c2d0f8be09f886e44940ac678#0x3b56718c2acc074b6640b2fa90dbb755f20033ea",""
"","","","0x0087007b8762909c2d0f8be09f886e44940ac678#0x418c4dcdf761575b60526702bb4752d3097ca783",""
"","","","0x0087007b8762909c2d0f8be09f886e44940ac678#0x4200690033c5ea89c936d247876f89f40a588b4d",""
"","","","0x0087007b8762909c2d0f8be09f886e44940ac678#0x4c5f927e8abecac8fdcc3bd324ac3792d8266b16",""
"","","","0x0087007b8762909c2d0f8be09f886e44940ac678#0x5b8b0e44d4719f8a328470dccd3746bfc73d6b14",""
"","","","0x0087007b8762909c2d0f8be09f886e44940ac678#0x5b8f4537ee63bb62b99074c3fcb2b5616f46d179",""
"","","","0x0087007b8762909c2d0f8be09f886e44940ac678#0x650e14f636295af421d9bb788636356aa7f5924c",""
"","","","0x0087007b8762909c2d0f8be09f886e44940ac678#0x66b738baea30243bfe4c168a11e79dd1f930e59c",""
"","","","0x0087007b8762909c2d0f8be09f886e44940ac678#0x719b36427c9868162df1b4c9e6ddc28f5c36d72d",""
"","","","0x0087007b8762909c2d0f8be09f886e44940ac678#0x80d898c5a3a0b118a0c8c8adcdbb260fc687f1ce",""
"","","","0x0087007b8762909c2d0f8be09f886e44940ac678#0x86e817172b5c07f7036bf8aa46e2db9063743a83",""
"","","","0x0087007b8762909c2d0f8be09f886e44940ac678#0x9f5368b8ecaaad715013654a6206003fcd38e3ba",""
"","","","0x0087007b8762909c2d0f8be09f886e44940ac678#0xb9655426d775745d9998d163a2f622ff7fafa7e2",""
"","","","0x0087007b8762909c2d0f8be09f886e44940ac678#0xd5dd67bbee2db0f746f38e06d76fef79c364d652",""
"","","","0x0087007b8762909c2d0f8be09f886e44940ac678#0xd681919b63a42a57a9a129a78d1feb81509aeef5",""
"0x008e14c1acc8c050f23233118d61e8f420b99595","yass","","",""
"0x00902f4505f88b4b26a391b9a3ae6ec3aef91175","lyxvault","https://hiozjdbnltsamlbfrfjj.supabase.co/storage/v1/object/public/common/profile-avatars/robots/robot-28.png","0x00902f4505f88b4b26a391b9a3ae6ec3aef91175#0x323b3f7aff4e60a13593401521b96197f3c59369",""
"","","","0x00902f4505f88b4b26a391b9a3ae6ec3aef91175#0x74654920356257981f6b63a65ad72d4d9bc21929",""
"","","","0x00902f4505f88b4b26a391b9a3ae6ec3aef91175#0x754a5d007d5f1188ef0db892ee115a7c01b38fa3",""
"","","","0x00902f4505f88b4b26a391b9a3ae6ec3aef91175#0x878b22245ee33456492e294fd265767c9a1b65e9",""
"0x0091e05e8575e3a8154ac95752b0593d7ed63ea2","null","","",""
"0x00926daea33647cd6f3d5b8d81f6e4275bf23573","TripleA","","0x00926daea33647cd6f3d5b8d81f6e4275bf23573#0x39456bcd4d450e55f851f97c30df828a4e1f6c66",""
"0x0093818ee9ad458473706afb75e05d1fda0b682b","flaviatropia","","",""
"0x0095c79359d5b56c111fc830b94e9ae6388a1631","BOECH","","",""
"0x00979099356c8107fdb6431bb496031865840eb1","kad1rs","ipfs://QmaZnxZRTvMaQQoSXgykojak9m8iCpp7i5yL6KGiFiwtrq","",""
"","","ipfs://QmQJfii9W4rsyPw9Vaj5APvnPVssauDakxhHMJhuyqFCLC","",""
"0x009b3f16a4a7950cfc8e147bd485a1a4c09666e3","samuel-v","ipfs://QmYDzijg44RtXBJPE9h854j19SXbUVwEdunLz4u3qXwrxz","",""
"","","ipfs://QmQH9YyfsncgQRmLdTwBXesDTR7e2zWJeNctn1YRnGo6mU","",""
"","","ipfs://QmTew7AZ7DKwvLsjDjFMiWFio5vvmQHJmo3XZdWaJJijHq","",""
"","","ipfs://QmaFRXbPuoYMuwqY4XvsCVyNiCGpqHJME7mfSzfeoeH5WC","",""
"","","ipfs://QmRFao9ouKpwJgjnnmRRFMuiz29rC3DKimJMpptRkYUdXb","",""
"0x009e72e1f8daa3600a794cd7ee0c455f6f530b09","Alexandre D'Heur","https://hiozjdbnltsamlbfrfjj.supabase.co/storage/v1/object/public/common/profile-avatars/humans/avatar-1.png","",""
"0x00a03c1488c46e7b61378d9a4f49795b25e19ec6","vault","ipfs://QmXaeA3W23VimfuUD9GGJ7pybHWYvA4h66yC4pCE4DofZh","0x00a03c1488c46e7b61378d9a4f49795b25e19ec6#0x39456bcd4d450e55f851f97c30df828a4e1f6c66",""
"","","ipfs://QmNw2UXJQbpMpxADpbgRyoDv5sGCu1KiwfA7Ngdx1UiWEa","",""
"0x00a0d7f67dae0da2fde41a0985a4af4a9c3497c5","fredrikpettersen","","",""
"0x00a4d52531802295db47d5bde2bbae6d49333fe5","rokkopop","","",""
"0x00a580090170be854eb21c43024c06e90485c845","adrien","ipfs://QmXtp9XJ3jAH46Va2vW42edu9Eh9X38kjqhFHibZ7EiJZ6","0x00a580090170be854eb21c43024c06e90485c845#0x80d898c5a3a0b118a0c8c8adcdbb260fc687f1ce",""
"","","ipfs://QmXekagmA4Son9BgBYE1ZRFk476ja7tz5LpZuFzZNuB2ZZ","0x00a580090170be854eb21c43024c06e90485c845#0x86e817172b5c07f7036bf8aa46e2db9063743a83",""
"","","ipfs://QmW6q4SJASv1n7MXYVMQdPKUfZSyZRkDpwQAEGKLRF8iQx","0x00a580090170be854eb21c43024c06e90485c845#0xd681919b63a42a57a9a129a78d1feb81509aeef5",""
"0x00a5ea31c773fc9771ac6969a5e33378f7d7dba2","null","","",""
"0x00a880f87b9dce54ab67ab17a92c460ee472528c","","","",""
"0x00aa9761286f21437c90ad2f895ef0dca3484306","b00ste","ipfs://bafybeigsarmeo2bijkxcy2ea57h5vq5u7qszrrog2aqh6fb2vogklotjz4","0x00aa9761286f21437c90ad2f895ef0dca3484306#0x01e4386127a976bf65961a6a117c1a5b12703fd3","0x4200690033c5ea89c936d247876f89f40a588b4d"
"","","","0x00aa9761286f21437c90ad2f895ef0dca3484306#0x175309936bbd25c36d64e4cbea131ab230c04eee","0x5b8b0e44d4719f8a328470dccd3746bfc73d6b14"
"","","","0x00aa9761286f21437c90ad2f895ef0dca3484306#0x1d246750c49ac09fa030ccf4cd5586da62db01c3","0x86e817172b5c07f7036bf8aa46e2db9063743a83"
"","","","0x00aa9761286f21437c90ad2f895ef0dca3484306#0x23ab529af53405e15932b1d0452a61a3fa908393","0x8bf5bf6c2f11643e75dc4199af2c7d39b1aefcd3"
"","","","0x00aa9761286f21437c90ad2f895ef0dca3484306#0x2cdcd3ece4f2d29e47e1ce66dcf70491878e3f16","0xfd3bc42ab7c15b91dabba5966cbb6e519d798588"
"","","","0x00aa9761286f21437c90ad2f895ef0dca3484306#0x2f5f0c93498746ee4c264856e1e441693f2a8b82",""
"","","","0x00aa9761286f21437c90ad2f895ef0dca3484306#0x310046e0b9661d5b3310b0d9b4f6d7d7698211fc",""
"","","","0x00aa9761286f21437c90ad2f895ef0dca3484306#0x33517e5fedec388da59125fbabea6e2f6395c510",""
"","","","0x00aa9761286f21437c90ad2f895ef0dca3484306#0x39456bcd4d450e55f851f97c30df828a4e1f6c66",""
"","","","0x00aa9761286f21437c90ad2f895ef0dca3484306#0x3983151e0442906000dab83c8b1cf3f2d2535f82",""
"","","","0x00aa9761286f21437c90ad2f895ef0dca3484306#0x3b56718c2acc074b6640b2fa90dbb755f20033ea",""
"","","","0x00aa9761286f21437c90ad2f895ef0dca3484306#0x418c4dcdf761575b60526702bb4752d3097ca783",""
"","","","0x00aa9761286f21437c90ad2f895ef0dca3484306#0x4200690033c5ea89c936d247876f89f40a588b4d",""
"","","","0x00aa9761286f21437c90ad2f895ef0dca3484306#0x5021e9ed50d8c71e3d74c0de7964342aaa1a0f62",""
"","","","0x00aa9761286f21437c90ad2f895ef0dca3484306#0x5534ba6333db0bf2fbdadeb0b28eb1bcf92dfeac",""
"","","","0x00aa9761286f21437c90ad2f895ef0dca3484306#0x55bbf7336a6703655dc7dc81e161774dbe01d363",""
"","","","0x00aa9761286f21437c90ad2f895ef0dca3484306#0x55cdd0612d2d7b2e78a4cacf2614cd5f1212b620",""
"","","","0x00aa9761286f21437c90ad2f895ef0dca3484306#0x5b8b0e44d4719f8a328470dccd3746bfc73d6b14",""
"","","","0x00aa9761286f21437c90ad2f895ef0dca3484306#0x5b8f4537ee63bb62b99074c3fcb2b5616f46d179",""
"","","","0x00aa9761286f21437c90ad2f895ef0dca3484306#0x5be3bb030aad21bf77f1c67404cca04b9e232d9a",""
"","","","0x00aa9761286f21437c90ad2f895ef0dca3484306#0x650e14f636295af421d9bb788636356aa7f5924c",""
"","","","0x00aa9761286f21437c90ad2f895ef0dca3484306#0x669c42149f9a54a0ee63b4527f8d066247f5dbd0",""
"","","","0x00aa9761286f21437c90ad2f895ef0dca3484306#0x66b738baea30243bfe4c168a11e79dd1f930e59c",""
"","","","0x00aa9761286f21437c90ad2f895ef0dca3484306#0x6a083291df107287eb4ee430b95829dd26e46505",""
"","","","0x00aa9761286f21437c90ad2f895ef0dca3484306#0x6b0ca17ca70c6165f27044fd5e488f62739b0bcf",""
"","","","0x00aa9761286f21437c90ad2f895ef0dca3484306#0x719b36427c9868162df1b4c9e6ddc28f5c36d72d",""
"","","","0x00aa9761286f21437c90ad2f895ef0dca3484306#0x74bfa75bd644d8f2a266041c5a7499fb6ca3acbb",""
"","","","0x00aa9761286f21437c90ad2f895ef0dca3484306#0x7620dd3fb922c14ec3f7eb553798e3497479259a",""
"","","","0x00aa9761286f21437c90ad2f895ef0dca3484306#0x77490716d92749a6efd1cfd04b2f0adb7d94482f",""
"","","","0x00aa9761286f21437c90ad2f895ef0dca3484306#0x7f39afd21ca56bbb505c9e0ca6cca8a39663af0a",""
"","","","0x00aa9761286f21437c90ad2f895ef0dca3484306#0x80d898c5a3a0b118a0c8c8adcdbb260fc687f1ce",""
"","","","0x00aa9761286f21437c90ad2f895ef0dca3484306#0x81a904879f657142d9b5c7e875c786717e2125c0",""
"","","","0x00aa9761286f21437c90ad2f895ef0dca3484306#0x855bb3e40261a73dd4fc691fc024cc7d60794d00",""
"","","","0x00aa9761286f21437c90ad2f895ef0dca3484306#0x86e817172b5c07f7036bf8aa46e2db9063743a83",""
"","","","0x00aa9761286f21437c90ad2f895ef0dca3484306#0x8b1707bf7bb19d72006ac933cf74c7472e2baaa9",""
"","","","0x00aa9761286f21437c90ad2f895ef0dca3484306#0x8bf5bf6c2f11643e75dc4199af2c7d39b1aefcd3",""
"","","","0x00aa9761286f21437c90ad2f895ef0dca3484306#0x8da488c29fb873c9561ccf5ff44dda6c1deddc37",""
"","","","0x00aa9761286f21437c90ad2f895ef0dca3484306#0x9131820e8ecdc7e514f9d98567741744363e51d3",""
"","","","0x00aa9761286f21437c90ad2f895ef0dca3484306#0x971266a2e642da3f401a73a52eb9c57676b0e084",""
"","","","0x00aa9761286f21437c90ad2f895ef0dca3484306#0x9a9d8711bf93cb060669798a2805686e272e0e79",""
"","","","0x00aa9761286f21437c90ad2f895ef0dca3484306#0x9f5368b8ecaaad715013654a6206003fcd38e3ba",""
"","","","0x00aa9761286f21437c90ad2f895ef0dca3484306#0xa27636468ab3dc40e9ccd5bf82988da02d05f589",""
"","","","0x00aa9761286f21437c90ad2f895ef0dca3484306#0xa65312a04dce1dcb1f33e7918f33b05bb4d24e12",""
"","","","0x00aa9761286f21437c90ad2f895ef0dca3484306#0xb3356e5f3e0f18f74a9f0ef73b71e48688b3fd72",""
"","","","0x00aa9761286f21437c90ad2f895ef0dca3484306#0xb3d9638c35cc841b677dbffb8bf66c1b99b07c7f",""
"","","","0x00aa9761286f21437c90ad2f895ef0dca3484306#0xb89aa6f3cdd38378e35fa523a9f05bc2c78abd19",""
"","","","0x00aa9761286f21437c90ad2f895ef0dca3484306#0xc2115f60d74a0a70cca195e6f553a814a51f8f3d",""
"","","","0x00aa9761286f21437c90ad2f895ef0dca3484306#0xc5f048c1ec6246ed373da9ceeffac69c0d6ada42",""
"","","","0x00aa9761286f21437c90ad2f895ef0dca3484306#0xd31558e91517d43cdd32463ebf28169ce49ebd26",""
"","","","0x00aa9761286f21437c90ad2f895ef0dca3484306#0xd5dd67bbee2db0f746f38e06d76fef79c364d652",""
"","","","0x00aa9761286f21437c90ad2f895ef0dca3484306#0xd681919b63a42a57a9a129a78d1feb81509aeef5",""
"","","","0x00aa9761286f21437c90ad2f895ef0dca3484306#0xe0fabf25cefa0c764f0836c15b00b08fe41ae246",""
"","","","0x00aa9761286f21437c90ad2f895ef0dca3484306#0xe2100e1130cec0b1bad0b00fd6f8731a1cce3975",""
"","","","0x00aa9761286f21437c90ad2f895ef0dca3484306#0xe4d6b4b046bacd4ca039f66abeb1f0d10d80962d",""
"","","","0x00aa9761286f21437c90ad2f895ef0dca3484306#0xe7274a073f693cc16325bbe28f6446a62c601eba",""
"","","","0x00aa9761286f21437c90ad2f895ef0dca3484306#0xfd3bc42ab7c15b91dabba5966cbb6e519d798588",""
"","","","0x00aa9761286f21437c90ad2f895ef0dca3484306#0xfe9cc2a6187e4ad46b31e5cca4dc0ec41243d674",""
"0x00ac73781a459145d8217474d736437093249b9e","karl","","0x00ac73781a459145d8217474d736437093249b9e#0x39456bcd4d450e55f851f97c30df828a4e1f6c66",""
"0x00ac9d2c4a16161bb16ad2aa5f7b29a7040d3182","","","",""
"0x00ae2c05a64f5f47142960abb79d5289242a6185","helloworld","","",""
"0x00b1b8a332ac7e0ac0c01121c82f24ccfffdfab9","null","","",""
"0x00b341f2d8c40161f9a4592cf76075ac07dc2214","innerearth","","",""
"0x00b3499710ea533b7d151c381fc844c5c3fb3d0b","","ipfs://QmQvkWpkhLfBxhX8cfEsjfJUbg6dhzxY673L5NBgwFTfEo","",""
"","","ipfs://QmXXixbu9AuJA1ouziLtrtcN3hRMYxhGjq7EZgqdnqp5xT","",""
"","","ipfs://QmTQNb8HJjFAK98g6e1KbTMCqTQqQQR3QrvSjEM7SiHYZB","",""
"","","ipfs://QmTMxgC8yQ52HVWcQigeBCyf6iJjf4G3kVGnSxJX4fpXdi","",""
"","","ipfs://QmUXDzYT5eK57ReDtzNUVshiwxsGbkEvFr9auwUnz9F4V1","",""
"0x00b3feb6d6c725e09038110950195ae486524a9b","essentialsx","","",""
"0x00b8bb4cd69a62545d02269fb6f07a8c3b27c837","alebocacrypto","ipfs://QmaRW39RAi8DjzrHonimmtoVKeLdTGAPdJ3GM59ZEggCwi","",""
"0x00bdbb2261d16f97e080035bf61e71786397e526","levita-bev","ipfs://QmRTGS7fVEmvZAZLnUf83XC9QCU8yHY2XxiQMBHjULvN3U","",""
"","","ipfs://QmZuxYJNYB5RasadtgHaGi7LzTc4nv1AjUQzfJUDdkijmQ","",""
"","","ipfs://QmZGyAA79H5AaWMUDnBrQmthChA99pviwf4FEUHEzu3e2k","",""
"","","ipfs://QmaJ2UQdeXbqBvYmTJh1yiRZsgZjUGpwpuGksMvbQmbPgW","",""
"0x00c3c826f515d76e28993e544262f6759f48caae","shothers","","",""
"0x00c6947ba256198d0b1c9ce52e24eb69761365c5","alexouroudoudou","ipfs://QmSu69rxV4gQTF2aVGLvJE7HZGc6sbyQLZSVSxPfsffedz","",""
"","","ipfs://QmTd5Qk5Us3ztbQo6PXj8RyiDoKiV1jiDRAwWSa3xyzCGy","",""
"0x00c7fe79664dabf70b9c6fe59d217cad0346ae7e","","ipfs://QmRpAZMU2z3AU2Txge8aGYb3L4K339epkhDMiu5jdttiya","0x00c7fe79664dabf70b9c6fe59d217cad0346ae7e#0x33517e5fedec388da59125fbabea6e2f6395c510",""
"","","ipfs://Qme5qzCSf6mV2vX15gCTHwd9Z6yKHpiyamsz8i5L2uRLVp","0x00c7fe79664dabf70b9c6fe59d217cad0346ae7e#0x3b56718c2acc074b6640b2fa90dbb755f20033ea",""
"","","ipfs://QmSiqT874CrR2n1bLpBnPHkEBXEcD7P4gP7DRLCLKXY23z","0x00c7fe79664dabf70b9c6fe59d217cad0346ae7e#0x650e14f636295af421d9bb788636356aa7f5924c",""
"","","","0x00c7fe79664dabf70b9c6fe59d217cad0346ae7e#0x80d898c5a3a0b118a0c8c8adcdbb260fc687f1ce",""
"","","","0x00c7fe79664dabf70b9c6fe59d217cad0346ae7e#0x86e817172b5c07f7036bf8aa46e2db9063743a83",""
